/*
 Navicat Premium Data Transfer

 Source Server         : Linux
 Source Server Type    : MySQL
 Source Server Version : 80018
 Source Host           : 114.55.254.24:3306
 Source Schema         : security

 Target Server Type    : MySQL
 Target Server Version : 80018
 File Encoding         : 65001

 Date: 08/04/2022 17:44:16
*/

SET NAMES utf8mb4;
SET FOREIGN_KEY_CHECKS = 0;

-- ----------------------------
-- Table structure for img_all
-- ----------------------------
DROP TABLE IF EXISTS `img_all`;
CREATE TABLE `img_all`  (
  `img_route` varchar(255) CHARACTER SET utf8mb4 COLLATE utf8mb4_0900_ai_ci NOT NULL,
  PRIMARY KEY (`img_route`) USING BTREE,
  INDEX `img_route`(`img_route`) USING BTREE
) ENGINE = InnoDB CHARACTER SET = utf8mb4 COLLATE = utf8mb4_0900_ai_ci ROW_FORMAT = Dynamic;

-- ----------------------------
-- Records of img_all
-- ----------------------------
INSERT INTO `img_all` VALUES ('/020b3ca1-f869-43bc-920f-7a255684921b.png');
INSERT INTO `img_all` VALUES ('/025aa9de-4c40-4e5b-9c0c-ccae693bdc181597585966281.jpg');
INSERT INTO `img_all` VALUES ('/04b956cb-2729-4d72-a29e-e3cbeb9de490.png');
INSERT INTO `img_all` VALUES ('/061d55c5-8845-4e15-b185-1522e48f026d.jpg');
INSERT INTO `img_all` VALUES ('/075c8692-e638-432f-8f00-ae1fedafc382.jpg');
INSERT INTO `img_all` VALUES ('/076d7615-d026-47d7-92a3-8fc5087f4ffa.jpg');
INSERT INTO `img_all` VALUES ('/08dd5fa2-882b-47a6-b980-4613a721ecc4.png');
INSERT INTO `img_all` VALUES ('/0fdc891a-534c-4b53-859e-78fa40719c48jpg');
INSERT INTO `img_all` VALUES ('/10fc9620-e36f-488c-9c3b-641bbdb84126.png');
INSERT INTO `img_all` VALUES ('/11cdbad8-ca82-4707-8d89-026adf5cd158.jpg');
INSERT INTO `img_all` VALUES ('/1450b7af-2313-44e6-804e-2bf34d2244dd.jpg');
INSERT INTO `img_all` VALUES ('/14611069-adc9-4d59-bae3-4f880c9bf5dc.png');
INSERT INTO `img_all` VALUES ('/17a03408-b402-4a4b-b857-97d1be95d08e.jpg');
INSERT INTO `img_all` VALUES ('/2c429308-5acb-4334-8d23-cd7761459dc0.png');
INSERT INTO `img_all` VALUES ('/319069f0-5b91-4296-890a-b1abf2d6f0ed.png');
INSERT INTO `img_all` VALUES ('/3a4da8fc-9045-4303-8cc3-c8c01cfd1f20.jpg');
INSERT INTO `img_all` VALUES ('/415e72a0-fe17-4e7f-96c5-75e6b1fc6c35.png');
INSERT INTO `img_all` VALUES ('/4d1a270d-1ae2-407c-958b-0fdc8fbc871e.jpg');
INSERT INTO `img_all` VALUES ('/4d85ab9c-537b-4e01-94f0-11679177a148.jpg');
INSERT INTO `img_all` VALUES ('/63691f61-f866-4685-8b8c-16fcf3b1f1eb.jpg');
INSERT INTO `img_all` VALUES ('/651ad155-6f15-432b-8bcb-ae40c463e15e.jpg');
INSERT INTO `img_all` VALUES ('/6869c264-0db8-4650-b4a5-905358c6b857.jpg');
INSERT INTO `img_all` VALUES ('/6d3534fe-9a16-4420-adad-e2cfc4d8a5c7.png');
INSERT INTO `img_all` VALUES ('/7e52e67d-b4f8-458c-bd74-4a03eb8ac170.jpg');
INSERT INTO `img_all` VALUES ('/814c3e6d-ec30-4ea4-adf8-7e8168d99561.jpg');
INSERT INTO `img_all` VALUES ('/82aa9ee3-144d-4561-ab09-4a438834f80b.jpg');
INSERT INTO `img_all` VALUES ('/8446e7b5-707b-4517-92b9-2155203a0761.jpg');
INSERT INTO `img_all` VALUES ('/94f140d4-3f3e-4014-93df-9852a2380fb7.jpg');
INSERT INTO `img_all` VALUES ('/9ba53715-506b-497a-8641-6bdcec325cf4.png');
INSERT INTO `img_all` VALUES ('/9fd3c36e-f8a5-4732-9cad-6d2590e98c41.png');
INSERT INTO `img_all` VALUES ('/a3895c13-e740-4dfd-8590-b288c32279ee.png');
INSERT INTO `img_all` VALUES ('/a5ec91dd-ff62-4334-8e40-d2588bc3a759.jpg');
INSERT INTO `img_all` VALUES ('/af66098a-9730-4949-b8c8-8e12a07dc06a.png');
INSERT INTO `img_all` VALUES ('/b4037486-3d75-446a-9ca1-a4388b323e19.png');
INSERT INTO `img_all` VALUES ('/b4bc41c1-3a54-4120-9c81-b9f3442ce3ff.png');
INSERT INTO `img_all` VALUES ('/b7eaf181-03f3-4d29-844b-0578beab6783.png');
INSERT INTO `img_all` VALUES ('/c34c87b6-830e-4685-8ef2-60fbc119175c.png');
INSERT INTO `img_all` VALUES ('/c9cc3c94-0a93-4ed9-8471-573f8e219a88.png');
INSERT INTO `img_all` VALUES ('/cf0e7a1d-b61d-4811-b729-c0f829d1455b.jpg');
INSERT INTO `img_all` VALUES ('/d4f03a6f-7128-411f-a79a-70594806b652.jpg');
INSERT INTO `img_all` VALUES ('/d5b21825-1db2-4c3c-a3a1-938632041a1d.png');
INSERT INTO `img_all` VALUES ('/d6cf6a98-5867-4493-908a-4e51578563b7.png');
INSERT INTO `img_all` VALUES ('/e2f5b3df-e011-429e-820e-76a97c81d597.jpg');
INSERT INTO `img_all` VALUES ('/e88642a1-91a7-41d7-a411-7512d835374f.jpg');
INSERT INTO `img_all` VALUES ('/ea964df3-a2e3-433e-a2b1-35851f5e87ff.jpg');

-- ----------------------------
-- Table structure for img_free_test
-- ----------------------------
DROP TABLE IF EXISTS `img_free_test`;
CREATE TABLE `img_free_test`  (
  `id` bigint(20) NOT NULL AUTO_INCREMENT,
  `image_route` varchar(255) CHARACTER SET utf8mb4 COLLATE utf8mb4_0900_ai_ci NOT NULL,
  `free_test_id` bigint(20) NOT NULL,
  PRIMARY KEY (`id`) USING BTREE
) ENGINE = InnoDB AUTO_INCREMENT = 12 CHARACTER SET = utf8mb4 COLLATE = utf8mb4_0900_ai_ci ROW_FORMAT = Dynamic;

-- ----------------------------
-- Records of img_free_test
-- ----------------------------
INSERT INTO `img_free_test` VALUES (1, '/075c8692-e638-432f-8f00-ae1fedafc382.jpg', 1504433556118364162);
INSERT INTO `img_free_test` VALUES (2, '/9d6f09f7-2349-4529-afbd-296f0c64f2d2zrQJ0gL51PFu3490856dac7e51ff13c7e6eac35a9479.jpg', 1504433556118364162);
INSERT INTO `img_free_test` VALUES (3, '/b4037486-3d75-446a-9ca1-a4388b323e19.png', 1504433556118364162);
INSERT INTO `img_free_test` VALUES (4, '/9ba53715-506b-497a-8641-6bdcec325cf4.png', 1507960669557993474);
INSERT INTO `img_free_test` VALUES (5, '/6869c264-0db8-4650-b4a5-905358c6b857.jpg', 2);
INSERT INTO `img_free_test` VALUES (6, '/3a4da8fc-9045-4303-8cc3-c8c01cfd1f20.jpg', 2);
INSERT INTO `img_free_test` VALUES (7, '/651ad155-6f15-432b-8bcb-ae40c463e15e.jpg', 2);
INSERT INTO `img_free_test` VALUES (8, '/8446e7b5-707b-4517-92b9-2155203a0761.jpg', 1508638650485497857);
INSERT INTO `img_free_test` VALUES (9, '/8446e7b5-707b-4517-92b9-2155203a0761.jpg', 1508638650485497857);
INSERT INTO `img_free_test` VALUES (10, '/8446e7b5-707b-4517-92b9-2155203a0761.jpg', 1508639765767667713);
INSERT INTO `img_free_test` VALUES (11, '/8446e7b5-707b-4517-92b9-2155203a0761.jpg', 1508639765767667713);

-- ----------------------------
-- Table structure for student_free_test
-- ----------------------------
DROP TABLE IF EXISTS `student_free_test`;
CREATE TABLE `student_free_test`  (
  `id` bigint(20) NOT NULL AUTO_INCREMENT,
  `user_id` bigint(20) NULL DEFAULT NULL,
  `semester` varchar(255) CHARACTER SET utf8 COLLATE utf8_general_ci NULL DEFAULT NULL,
  `reason` varchar(255) CHARACTER SET utf8 COLLATE utf8_general_ci NULL DEFAULT NULL,
  `is_pass` char(1) CHARACTER SET utf8 COLLATE utf8_general_ci NULL DEFAULT '0',
  `audit_time` varchar(255) CHARACTER SET utf8 COLLATE utf8_general_ci NULL DEFAULT NULL,
  `audit_message` varchar(255) CHARACTER SET utf8 COLLATE utf8_general_ci NULL DEFAULT NULL,
  `is_read` tinyint(2) NULL DEFAULT NULL,
  `handler` varchar(32) CHARACTER SET utf8 COLLATE utf8_general_ci NULL DEFAULT NULL,
  PRIMARY KEY (`id`) USING BTREE,
  INDEX `user_id`(`user_id`) USING BTREE,
  INDEX `student_free_test_ibfk_2`(`semester`) USING BTREE,
  CONSTRAINT `student_free_test_ibfk_1` FOREIGN KEY (`user_id`) REFERENCES `sys_user` (`id`) ON DELETE SET NULL ON UPDATE CASCADE,
  CONSTRAINT `student_free_test_ibfk_2` FOREIGN KEY (`semester`) REFERENCES `studetn_semester` (`semester_name`) ON DELETE SET NULL ON UPDATE CASCADE
) ENGINE = InnoDB AUTO_INCREMENT = 1508639765767667714 CHARACTER SET = utf8 COLLATE = utf8_general_ci ROW_FORMAT = DYNAMIC;

-- ----------------------------
-- Records of student_free_test
-- ----------------------------
INSERT INTO `student_free_test` VALUES (2, NULL, '2022春季', '奥奥奥', '2', '2022-04-04', '不想通过', 2, '管理员1');
INSERT INTO `student_free_test` VALUES (1504433556118364162, NULL, '2022春季', '啊啊啊', '1', '2022-03-29', '你这个不行啊', 2, '李文秀');
INSERT INTO `student_free_test` VALUES (1504434833313292289, 2, '2022春季', '啊啊啊', '1', '2022-03-30', NULL, 0, '李文秀');
INSERT INTO `student_free_test` VALUES (1505141134572380162, 2, '2022春季', 'dadwa', '2', '2022-04-04', '评审信息', 1, '管理员1');
INSERT INTO `student_free_test` VALUES (1505141275211587585, 2, '2022春季', '', '1', '2022-04-04', NULL, 1, '李文秀');
INSERT INTO `student_free_test` VALUES (1507960451001200641, 2, '2022春季', 'da', '1', '2022-03-30', '评审信息', 1, '李文秀');
INSERT INTO `student_free_test` VALUES (1507960669557993474, 2, '2022春季', 'dadada', '2', '2022-03-30', '评审信息', 1, '李文秀');
INSERT INTO `student_free_test` VALUES (1508638650485497857, 2, '2021秋季', '啊啊啊', '0', NULL, NULL, 0, NULL);
INSERT INTO `student_free_test` VALUES (1508639765767667713, 5, '2021秋季', '啊啊啊', '0', NULL, NULL, 2, NULL);

-- ----------------------------
-- Table structure for student_test
-- ----------------------------
DROP TABLE IF EXISTS `student_test`;
CREATE TABLE `student_test`  (
  `id` bigint(20) NOT NULL AUTO_INCREMENT,
  `user_id` bigint(20) NULL DEFAULT NULL,
  `semester` varchar(255) CHARACTER SET utf8 COLLATE utf8_general_ci NULL DEFAULT NULL,
  `test_id` bigint(20) NULL DEFAULT NULL,
  PRIMARY KEY (`id`) USING BTREE,
  INDEX `user_id`(`user_id`) USING BTREE,
  INDEX `test_id`(`test_id`) USING BTREE,
  INDEX `student_test_ibfk_3`(`semester`) USING BTREE,
  CONSTRAINT `student_test_ibfk_1` FOREIGN KEY (`user_id`) REFERENCES `sys_user` (`id`) ON DELETE SET NULL ON UPDATE CASCADE,
  CONSTRAINT `student_test_ibfk_2` FOREIGN KEY (`test_id`) REFERENCES `student_test_info` (`id`) ON DELETE SET NULL ON UPDATE CASCADE,
  CONSTRAINT `student_test_ibfk_3` FOREIGN KEY (`semester`) REFERENCES `studetn_semester` (`semester_name`) ON DELETE SET NULL ON UPDATE CASCADE
) ENGINE = InnoDB AUTO_INCREMENT = 1510622551835680771 CHARACTER SET = utf8 COLLATE = utf8_general_ci ROW_FORMAT = DYNAMIC;

-- ----------------------------
-- Records of student_test
-- ----------------------------
INSERT INTO `student_test` VALUES (1506602951991509009, 5, '2020春季', 1504452803003482140);
INSERT INTO `student_test` VALUES (1506602951991509010, 5, '2020春季', 1504452803003482140);
INSERT INTO `student_test` VALUES (1506602951991509014, 5, '2020春季', 1504452803003482140);

-- ----------------------------
-- Table structure for student_test_info
-- ----------------------------
DROP TABLE IF EXISTS `student_test_info`;
CREATE TABLE `student_test_info`  (
  `id` bigint(20) NOT NULL AUTO_INCREMENT,
  `name` varchar(255) CHARACTER SET utf8 COLLATE utf8_general_ci NULL DEFAULT NULL,
  `location` varchar(255) CHARACTER SET utf8 COLLATE utf8_general_ci NULL DEFAULT NULL,
  `day` varchar(255) CHARACTER SET utf8 COLLATE utf8_general_ci NULL DEFAULT NULL,
  `hour` varchar(255) CHARACTER SET utf8 COLLATE utf8_general_ci NULL DEFAULT NULL,
  `store` int(11) NULL DEFAULT NULL,
  `order_num` int(11) NULL DEFAULT 0,
  `version` int(11) NULL DEFAULT 0,
  `semester` varchar(255) CHARACTER SET utf8 COLLATE utf8_general_ci NULL DEFAULT NULL,
  `headId` bigint(20) NULL DEFAULT NULL,
  `del_flag` char(1) CHARACTER SET utf8 COLLATE utf8_general_ci NULL DEFAULT '0',
  `description` varchar(255) CHARACTER SET utf8 COLLATE utf8_general_ci NULL DEFAULT NULL,
  PRIMARY KEY (`id`) USING BTREE,
  INDEX `student_test_info_ibfk_1`(`semester`) USING BTREE,
  INDEX `student_test_info_ibfk_2`(`headId`) USING BTREE,
  CONSTRAINT `student_test_info_ibfk_1` FOREIGN KEY (`semester`) REFERENCES `studetn_semester` (`semester_name`) ON DELETE SET NULL ON UPDATE CASCADE,
  CONSTRAINT `student_test_info_ibfk_2` FOREIGN KEY (`headId`) REFERENCES `sys_user` (`id`) ON DELETE SET NULL ON UPDATE CASCADE
) ENGINE = InnoDB AUTO_INCREMENT = 1504452803003482142 CHARACTER SET = utf8 COLLATE = utf8_general_ci ROW_FORMAT = DYNAMIC;

-- ----------------------------
-- Records of student_test_info
-- ----------------------------
INSERT INTO `student_test_info` VALUES (1504452803003482140, '这是一条体测信息', '就在这个地方', '2022-04-07', '21:07:52-22:07:52', 100, 0, 0, '2021秋季', 2, '0', '暂无相关信息说明');
INSERT INTO `student_test_info` VALUES (1504452803003482141, '大一上学期体测', '临江操场', '2022-04-19', '19:56:10-20:56:10', 40, 2, 2, '2022春季', 2, '0', '');

-- ----------------------------
-- Table structure for studetn_semester
-- ----------------------------
DROP TABLE IF EXISTS `studetn_semester`;
CREATE TABLE `studetn_semester`  (
  `semester_name` varchar(255) CHARACTER SET utf8 COLLATE utf8_general_ci NULL DEFAULT NULL,
  INDEX `semester_name`(`semester_name`) USING BTREE
) ENGINE = InnoDB CHARACTER SET = utf8mb4 COLLATE = utf8mb4_0900_ai_ci ROW_FORMAT = Dynamic;

-- ----------------------------
-- Records of studetn_semester
-- ----------------------------
INSERT INTO `studetn_semester` VALUES ('2020春季');
INSERT INTO `studetn_semester` VALUES ('2021秋季');
INSERT INTO `studetn_semester` VALUES ('2022春季');
INSERT INTO `studetn_semester` VALUES ('2022秋季');

-- ----------------------------
-- Table structure for sys_role
-- ----------------------------
DROP TABLE IF EXISTS `sys_role`;
CREATE TABLE `sys_role`  (
  `name` varchar(64) CHARACTER SET utf8mb4 COLLATE utf8mb4_0900_ai_ci NOT NULL,
  `role_key` varchar(64) CHARACTER SET utf8mb4 COLLATE utf8mb4_0900_ai_ci NOT NULL COMMENT '角色权限字符串',
  `status` char(1) CHARACTER SET utf8mb4 COLLATE utf8mb4_0900_ai_ci NULL DEFAULT '0' COMMENT '角色状态（0正常 1停用）',
  PRIMARY KEY (`name`, `role_key`) USING BTREE,
  INDEX `name`(`name`) USING BTREE
) ENGINE = InnoDB CHARACTER SET = utf8mb4 COLLATE = utf8mb4_0900_ai_ci COMMENT = '角色表' ROW_FORMAT = DYNAMIC;

-- ----------------------------
-- Records of sys_role
-- ----------------------------
INSERT INTO `sys_role` VALUES ('学生', 'student', '0');
INSERT INTO `sys_role` VALUES ('管理员', 'admin', '0');
INSERT INTO `sys_role` VALUES ('老师', 'teacher', '0');

-- ----------------------------
-- Table structure for sys_user
-- ----------------------------
DROP TABLE IF EXISTS `sys_user`;
CREATE TABLE `sys_user`  (
  `id` bigint(20) NOT NULL AUTO_INCREMENT COMMENT '主键',
  `user_name` varchar(64) CHARACTER SET utf8mb4 COLLATE utf8mb4_0900_ai_ci NOT NULL DEFAULT 'NULL' COMMENT '用户名',
  `name` varchar(64) CHARACTER SET utf8mb4 COLLATE utf8mb4_0900_ai_ci NOT NULL DEFAULT 'NULL' COMMENT '昵称',
  `password` varchar(64) CHARACTER SET utf8mb4 COLLATE utf8mb4_0900_ai_ci NOT NULL DEFAULT 'NULL' COMMENT '密码',
  `identity` varchar(64) CHARACTER SET utf8mb4 COLLATE utf8mb4_0900_ai_ci NULL DEFAULT '0' COMMENT '账号状态（0正常 1停用）',
  `sex` char(1) CHARACTER SET utf8mb4 COLLATE utf8mb4_0900_ai_ci NULL DEFAULT NULL,
  `grade` varchar(64) CHARACTER SET utf8mb4 COLLATE utf8mb4_0900_ai_ci NULL DEFAULT NULL,
  `college` varchar(64) CHARACTER SET utf8mb4 COLLATE utf8mb4_0900_ai_ci NULL DEFAULT NULL,
  `phone` varchar(11) CHARACTER SET utf8mb4 COLLATE utf8mb4_0900_ai_ci NULL DEFAULT NULL,
  `specialty` varchar(255) CHARACTER SET utf8mb4 COLLATE utf8mb4_0900_ai_ci NULL DEFAULT NULL,
  PRIMARY KEY (`id`) USING BTREE,
  INDEX `identity`(`identity`) USING BTREE
) ENGINE = InnoDB AUTO_INCREMENT = 1511272472832634882 CHARACTER SET = utf8mb4 COLLATE = utf8mb4_0900_ai_ci COMMENT = '用户表' ROW_FORMAT = DYNAMIC;

-- ----------------------------
-- Records of sys_user
-- ----------------------------
INSERT INTO `sys_user` VALUES (2, 'aa', '管理员1', '$2a$10$UFUBHSHX8jmeFLJEIuVgpu7/5GlL8WDUBICJekEJ.9j51MdzYjdSO', '管理员', '男', '', '计算机与软件工程学院', '12345678901', NULL);
INSERT INTO `sys_user` VALUES (5, '123123', '管理员2', '$2a$10$7sus.Yief2L.pB.pTErxzexpcClttg1VThVmw31gSpTAVro64JPa.', '管理员', '男', '', '计算机与软件工程学院', '12345678901', NULL);
INSERT INTO `sys_user` VALUES (1502193790492680195, '12312', '阿普', '$2a$10$u7wK8Nd4rYeAVMGRZq27muFYC35NaNpC.GNljyeuVl0W8DotmgBue', '老师', '男', '', '计算机与软件工程学院', '12345678901', NULL);
INSERT INTO `sys_user` VALUES (1510525240946225153, '6336345', '张乐', '$2a$10$RjXHmZlH2UqeL07oIB.b6Om9SEiH4T/zc3szgzLfOLPieOfIwhLDm', '老师', '女', NULL, '计算机与软件工程学院', '17475285822', NULL);
INSERT INTO `sys_user` VALUES (1510525241793474562, '1285', '唐克', '$2a$10$kfBzoqn2nK04F7JZO1U0c.2lx39yN3V.ycR5.eBK3Efi.1nSpuwwK', '老师', '男', NULL, '计算机与软件工程学院', '11838575849', NULL);
INSERT INTO `sys_user` VALUES (1510525242657501185, '666666', '张可', '$2a$10$p1UtA7ebK9LEeG.jcOOyRerFLTxwCzbw2U8GfL4drYNithAI8jWSO', '老师', '女', NULL, '计算机与软件工程学院', '17378574839', NULL);
INSERT INTO `sys_user` VALUES (1510525243496361986, '3456456', '刘凯', '$2a$10$F.dBOqHdwJ8KtH.oMmsL6u4kF/gXTn179LsQOsl0HodFJhQn7/NKu', '老师', '男', NULL, '计算机与软件工程学院', '18348578326', NULL);
INSERT INTO `sys_user` VALUES (1510891063324364801, '充满了', '开设店铺1', '$2a$10$KCtmBU5qeAinpCzEg4CZOuqke/m3J8feOA7YfHKaW2E89Z/6wkDxq', '学生', '女', '登录', '达娃', '0113106', NULL);
INSERT INTO `sys_user` VALUES (1510894823853445121, '40646', '哈哈哈', '$2a$10$gpgBV8QfRrmI0te1J.TkYudbZ0ZKDb6s49UcHvQn4s4vtDz3IkwYa', '老师', '女', NULL, '不知道', '1630164094', NULL);
INSERT INTO `sys_user` VALUES (1511272472832634881, '121165461', '张小康', '$2a$10$/SNbdPezgJIIywk/./l3B.JpR3YOb.gtDluOizQUKUTGTKRRR/zxm', '学生', '男', '2021', '计算机与软件工程学院', NULL, NULL);
INSERT INTO `sys_user` VALUES (1512305633173266433, '3120200971146', '张志', '$2a$10$/5U7D514QX8DLJLEtwVl1O.1QN1LmCNZOuteaRY1AzXwq1jW1n.ya', '学生', '男', '2020', '计算机与软件工程学院', '17378674891', NULL);
INSERT INTO `sys_user` VALUES (1512356947586940929, '12345', '张某', '$2a$10$t7pdKpmzMo7DitxFV4eqsu0noFiJzf4tNhHelw6jTEcDv1TGlBasK', '学生', '男', '2022', '计算机与软件工程学院', '12549879112', NULL);

SET FOREIGN_KEY_CHECKS = 1;
